course_code,course_title,semester,section,theory,lab,credit,teachers
ENG 0002,English Fundamentals,1st,A,,,,
ENG 0002,English Fundamentals,1st,B,,,,
ENG 0002,English Fundamentals,1st,C,,,,
ENG 0002,English Fundamentals,1st,D,,,,
ENG 0002,English Fundamentals,1st,E,,,,
ENG 0002,English Fundamentals,1st,F,,,,
MAT 1141,Diff. and Int. Calculus,1st,A,3.0,,3.0,[MR]
MAT 1141,Diff. and Int. Calculus,1st,B,3.0,,3.0,[MR]
MAT 1141,Diff. and Int. Calculus,1st,C,3.0,,3.0,[MR]
MAT 1141,Diff. and Int. Calculus,1st,D,3.0,,3.0,[MR]
MAT 1141,Diff. and Int. Calculus,1st,E,3.0,,3.0,[MR]
MAT 1141,Diff. and Int. Calculus,1st,F,3.0,,3.0,[MMH]
PHY 1151,Basic Physics,1st,A,3.0,,3.0,[RA]
PHY 1151,Basic Physics,1st,B,3.0,,3.0,[RA]
PHY 1151,Basic Physics,1st,C,3.0,,3.0,[NI]
PHY 1151,Basic Physics,1st,D,3.0,,3.0,[NI]
PHY 1151,Basic Physics,1st,E,3.0,,3.0,[NI]
PHY 1151,Basic Physics,1st,F,3.0,,3.0,[NI]
PHY 1152,Basic Physics Lab,1st,A,,1.5,3.0,[JF] [RA]
PHY 1152,Basic Physics Lab,1st,B,,1.5,3.0,[JF] [RA]
PHY 1152,Basic Physics Lab,1st,C,,1.5,3.0,[RA] [NI]
PHY 1152,Basic Physics Lab,1st,D,,1.5,3.0,[RA] [NI]
PHY 1152,Basic Physics Lab,1st,E,,1.5,3.0,[MTK] [NI]
PHY 1152,Basic Physics Lab,1st,F,,1.5,3.0,[MTK] [NI]
EEE 1131,Basic Electrical Circuits,1st,A,3.0,,3.0,[MBI]
EEE 1131,Basic Electrical Circuits,1st,B,3.0,,3.0,[JH]
EEE 1131,Basic Electrical Circuits,1st,C,3.0,,3.0,[AHP]
EEE 1131,Basic Electrical Circuits,1st,D,3.0,,3.0,[ZR]
EEE 1131,Basic Electrical Circuits,1st,E,3.0,,3.0,[ZR]
EEE 1131,Basic Electrical Circuits,1st,F,3.0,,3.0,[ZR]
EEE 1132,Basic Electrical Circuits Lab,1st,A,,1.5,3.0,[AHP] [MRA]
EEE 1132,Basic Electrical Circuits Lab,1st,B,,1.5,3.0,[AHP] [ZR]
EEE 1132,Basic Electrical Circuits Lab,1st,C,,1.5,3.0,[AHP] [ZR]
EEE 1132,Basic Electrical Circuits Lab,1st,D,,1.5,3.0,[ZR] [MRA]
EEE 1132,Basic Electrical Circuits Lab,1st,E,,1.5,3.0,[AHP] [ZR]
EEE 1132,Basic Electrical Circuits Lab,1st,F,,1.5,3.0,[ZR] [MRA]
CSE 1100,Computer Fundamentals Lab,1st,A,,1.5,3.0,[MTI] [MH]
CSE 1100,Computer Fundamentals Lab,1st,B,,1.5,3.0,[MTI] [MH]
CSE 1100,Computer Fundamentals Lab,1st,C,,1.5,3.0,[MH] [SRR]
CSE 1100,Computer Fundamentals Lab,1st,D,,1.5,3.0,[MH] [SRR]
CSE 1100,Computer Fundamentals Lab,1st,E,,1.5,3.0,[SRR] [MKS]
CSE 1100,Computer Fundamentals Lab,1st,F,,1.5,3.0,[SAS] [SRR]
CHE 1161,Chemistry,1st,A,2.0,,3.0,[SP]
CHE 1161,Chemistry,1st,B,2.0,,3.0,[SP]
CHE 1161,Chemistry,1st,C,2.0,,3.0,[SP]
CHE 1161,Chemistry,1st,D,2.0,,3.0,[SP]
CHE 1161,Chemistry,1st,E,2.0,,3.0,[SP]
CHE 1161,Chemistry,1st,F,2.0,,3.0,[SP]
CSE 1201,Structured Programming Language,2nd,A,3.0,,3.0,[AAP]
CSE 1201,Structured Programming Language,2nd,B,3.0,,3.0,[AAP]
CSE 1201,Structured Programming Language,2nd,C,3.0,,3.0,[AAP]
CSE 1202,Structured Programming Language Lab,2nd,A,,2.25,4.5,[AAP] [AI]
CSE 1202,Structured Programming Language Lab,2nd,B,,2.25,4.5,[AW] [AAP]
CSE 1202,Structured Programming Language Lab,2nd,C,,2.25,4.5,[AW] [AAP]
CSE 1203,Discrete Mathematics,2nd,A,3.0,,3.0,[SKC]
CSE 1203,Discrete Mathematics,2nd,B,3.0,,3.0,[URC]
CSE 1203,Discrete Mathematics,2nd,C,3.0,,3.0,[JF]
EEE 1231,Electronic Devices and Circuits,2nd,A,3.0,,3.0,[ITR]
EEE 1231,Electronic Devices and Circuits,2nd,B,3.0,,3.0,[ITR]
EEE 1231,Electronic Devices and Circuits,2nd,C,3.0,,3.0,[ITR]
EEE 1232,Electronic Devices and Circuits Lab,2nd,A,,1.5,3.0,[ITR] [ZR]
EEE 1232,Electronic Devices and Circuits Lab,2nd,B,,1.5,3.0,[ITR] [MRA]
EEE 1232,Electronic Devices and Circuits Lab,2nd,C,,1.5,3.0,[ITR] [MRA]
MAT 1241,Coordinate Geometry and Vector Analysis,2nd,A,3.0,,3.0,[MMH]
MAT 1241,Coordinate Geometry and Vector Analysis,2nd,B,3.0,,3.0,[MMH]
MAT 1241,Coordinate Geometry and Vector Analysis,2nd,C,3.0,,3.0,[MMH]
BAN 0001,History of the Emergence of Bangladesh ,2nd,A,,,,
BAN 0001,History of the Emergence of Bangladesh ,2nd,B,,,,
BAN 0001,History of the Emergence of Bangladesh ,2nd,C,,,,
ECO 1271,Engineering Economics,2nd,A,,,,
ECO 1271,Engineering Economics,2nd,B,,,,
ECO 1271,Engineering Economics,2nd,C,,,,
CSE 2101,Object Oriented Programming,3rd,A,3.0,,3.0,[DH]
CSE 2101,Object Oriented Programming,3rd,B,3.0,,3.0,[AAA]
CSE 2101,Object Oriented Programming,3rd,C,3.0,,3.0,[DH]
CSE 2101,Object Oriented Programming,3rd,D,3.0,,3.0,[AAA]
CSE 2101,Object Oriented Programming,3rd,E,3.0,,3.0,[DH]
CSE 2101,Object Oriented Programming,3rd,F,3.0,,3.0,[BCH]
CSE 2101,Object Oriented Programming,3rd,G,3.0,,3.0,[BCH]
CSE 2102,Object Oriented Programming Lab,3rd,A,,2.25,4.5,[DH] [NN]
CSE 2102,Object Oriented Programming Lab,3rd,B,,2.25,4.5,[AAA] [FIL]
CSE 2102,Object Oriented Programming Lab,3rd,C,,2.25,4.5,[DH] [NN]
CSE 2102,Object Oriented Programming Lab,3rd,D,,2.25,4.5,[AAA] [FIL]
CSE 2102,Object Oriented Programming Lab,3rd,E,,2.25,4.5,[DH] [MFA]
CSE 2102,Object Oriented Programming Lab,3rd,F,,2.25,4.5,[DH] [BCH]
CSE 2102,Object Oriented Programming Lab,3rd,G,,2.25,4.5,[NN] [BCH]
CSE 2103,Data Structures,3rd,A,3.0,,3.0,[GR]
CSE 2103,Data Structures,3rd,B,3.0,,3.0,[SMT]
CSE 2103,Data Structures,3rd,C,3.0,,3.0,[SMT]
CSE 2103,Data Structures,3rd,D,3.0,,3.0,[SMT]
CSE 2103,Data Structures,3rd,E,3.0,,3.0,[AI]
CSE 2103,Data Structures,3rd,F,3.0,,3.0,[AI]
CSE 2103,Data Structures,3rd,G,3.0,,3.0,[AI]
CSE 2104,Data Structures Lab,3rd,A,,2.25,4.5,[URC] [AAP]
CSE 2104,Data Structures Lab,3rd,B,,2.25,4.5,[SMT] [SMH]
CSE 2104,Data Structures Lab,3rd,C,,2.25,4.5,[URC] [SMT]
CSE 2104,Data Structures Lab,3rd,D,,2.25,4.5,[URC] [SMT]
CSE 2104,Data Structures Lab,3rd,E,,2.25,4.5,[ST] [AI]
CSE 2104,Data Structures Lab,3rd,F,,2.25,4.5,[IJR] [AI]
CSE 2104,Data Structures Lab,3rd,G,,2.25,4.5,[IJR] [AI]
CSE 2105,Digital System Design,3rd,A,3.0,,3.0,[SAL]
CSE 2105,Digital System Design,3rd,B,3.0,,3.0,[SAL]
CSE 2105,Digital System Design,3rd,C,3.0,,3.0,[SAL]
CSE 2105,Digital System Design,3rd,D,3.0,,3.0,[SAL]
CSE 2105,Digital System Design,3rd,E,3.0,,3.0,[ZM]
CSE 2105,Digital System Design,3rd,F,3.0,,3.0,[ZM]
CSE 2105,Digital System Design,3rd,G,3.0,,3.0,[ZM]
CSE 2106,Digital System Design Lab,3rd,A,,1.5,3.0,[SAL] [DMA]
CSE 2106,Digital System Design Lab,3rd,B,,1.5,3.0,[SAL] [DMA]
CSE 2106,Digital System Design Lab,3rd,C,,1.5,3.0,[SAL] [DMA]
CSE 2106,Digital System Design Lab,3rd,D,,1.5,3.0,[SAL] [TSS]
CSE 2106,Digital System Design Lab,3rd,E,,1.5,3.0,[JF] [ZM]
CSE 2106,Digital System Design Lab,3rd,F,,1.5,3.0,[JF] [ZM]
CSE 2106,Digital System Design Lab,3rd,G,,1.5,3.0,[JF] [ZM]
MAT 2141,Differential Equations,3rd,A,3.0,,3.0,[ASB]
MAT 2141,Differential Equations,3rd,B,3.0,,3.0,[ASB]
MAT 2141,Differential Equations,3rd,C,3.0,,3.0,[ASB]
MAT 2141,Differential Equations,3rd,D,3.0,,3.0,[SMM]
MAT 2141,Differential Equations,3rd,E,3.0,,3.0,[SMM]
MAT 2141,Differential Equations,3rd,F,3.0,,3.0,[SMM]
MAT 2141,Differential Equations,3rd,G,3.0,,3.0,[SMM]
ECO 2171,Engineering Economics,3rd,A,,,,
ECO 2171,Engineering Economics,3rd,B,,,,
ECO 2171,Engineering Economics,3rd,C,,,,
ECO 2171,Engineering Economics,3rd,D,,,,
ECO 2171,Engineering Economics,3rd,E,,,,
ECO 2171,Engineering Economics,3rd,F,,,,
ECO 2171,Engineering Economics,3rd,G,,,,
CSE 2201,Object Oriented Design and Design Patterns,4th,A,3.0,,3.0,[MFA]
CSE 2201,Object Oriented Design and Design Patterns,4th,B,3.0,,3.0,[MFA]
CSE 2201,Object Oriented Design and Design Patterns,4th,C,3.0,,3.0,[MFA]
CSE 2202,Object Oriented Design and Design Patterns Lab,4th,A,,2.25,4.5,[NN] [MFA]
CSE 2202,Object Oriented Design and Design Patterns Lab,4th,B,,2.25,4.5,[MFA] [SAS]
CSE 2202,Object Oriented Design and Design Patterns Lab,4th,C,,2.25,4.5,[MFA] [SAS]
CSE 2203,Computer Algorithms,4th,A,3.0,,3.0,[ST]
CSE 2203,Computer Algorithms,4th,B,3.0,,3.0,[IAK]
CSE 2203,Computer Algorithms,4th,C,3.0,,3.0,[ST]
CSE 2204,Computer Algorithms Lab,4th,A,,2.25,4.5,[ST] [ZRBM]
CSE 2204,Computer Algorithms Lab,4th,B,,2.25,4.5,[ST] [ZRBM]
CSE 2204,Computer Algorithms Lab,4th,C,,2.25,4.5,[ST] [SMH]
CSE 2205,Numerical Methods,4th,A,3.0,,3.0,[HT]
CSE 2205,Numerical Methods,4th,B,3.0,,3.0,[HT]
CSE 2205,Numerical Methods,4th,C,3.0,,3.0,[HT]
CSE 2206,Numerical Methods Lab,4th,A,,1.5,3.0,[IJR] [HT]
CSE 2206,Numerical Methods Lab,4th,B,,1.5,3.0,[HT] [STAM]
CSE 2206,Numerical Methods Lab,4th,C,,1.5,3.0,[HT] [STAM]
CSE 2207,Computer Networks,4th,A,3.0,,3.0,[BSH]
CSE 2207,Computer Networks,4th,B,3.0,,3.0,[AKI]
CSE 2207,Computer Networks,4th,C,3.0,,3.0,[AKI]
CSE 2208,Computer Networks Lab,4th,A,,1.5,3.0,[AKI] [DMA]
CSE 2208,Computer Networks Lab,4th,B,,1.5,3.0,[AKI] [DMA]
CSE 2208,Computer Networks Lab,4th,C,,1.5,3.0,[AKI] [AAA]
MAT 2241,Linear Algebra and Complex Variables,4th,A,3.0,,3.0,[ASB]
MAT 2241,Linear Algebra and Complex Variables,4th,B,3.0,,3.0,[ASB]
MAT 2241,Linear Algebra and Complex Variables,4th,C,3.0,,3.0,[ASB]
CSE 3105,Computer Architecture,5th,A,3.0,,3.0,[EH]
CSE 3105,Computer Architecture,5th,B,3.0,,3.0,[MHS]
CSE 3105,Computer Architecture,5th,C,3.0,,3.0,[PRC]
CSE 3105,Computer Architecture,5th,D,3.0,,3.0,[PRC]
CSE 3105,Computer Architecture,5th,E,3.0,,3.0,[MHS]
CSE 3105,Computer Architecture,5th,F,3.0,,3.0,[MHS]
CSE 3105,Computer Architecture,5th,G,3.0,,3.0,[PRC]
CSE 3106,Computer Architecture Lab,5th,A,,1.5,3.0,[PRC] [SH]
CSE 3106,Computer Architecture Lab,5th,B,,1.5,3.0,[MHS] [MRA]
CSE 3106,Computer Architecture Lab,5th,C,,1.5,3.0,[PRC] [MHS]
CSE 3106,Computer Architecture Lab,5th,D,,1.5,3.0,[PRC] [MHS]
CSE 3106,Computer Architecture Lab,5th,E,,1.5,3.0,[PRC] [MHS]
CSE 3106,Computer Architecture Lab,5th,F,,1.5,3.0,[PRC] [MHS]
CSE 3106,Computer Architecture Lab,5th,G,,1.5,3.0,[PRC] [MHS]
CSE 3103,Database Management System,5th,A,3.0,,3.0,[SHS]
CSE 3103,Database Management System,5th,B,3.0,,3.0,[SA]
CSE 3103,Database Management System,5th,C,3.0,,3.0,[SR]
CSE 3103,Database Management System,5th,D,3.0,,3.0,[SR]
CSE 3103,Database Management System,5th,E,3.0,,3.0,[SHS]
CSE 3103,Database Management System,5th,F,3.0,,3.0,[SHS]
CSE 3103,Database Management System,5th,G,3.0,,3.0,[SA]
CSE 3104,Database Management System Lab,5th,A,,2.25,4.5,[AKI] [SHS]
CSE 3104,Database Management System Lab,5th,B,,2.25,4.5,[AKI] [STAM]
CSE 3104,Database Management System Lab,5th,C,,2.25,4.5,[SR] [MKS]
CSE 3104,Database Management System Lab,5th,D,,2.25,4.5,[SR] [MKS]
CSE 3104,Database Management System Lab,5th,E,,2.25,4.5,[SR] [SHS]
CSE 3104,Database Management System Lab,5th,F,,2.25,4.5,[SR] [SHS]
CSE 3104,Database Management System Lab,5th,G,,2.25,4.5,[SHS] [STAM]
CSE 3107,Communication Engineering,5th,A,3.0,,3.0,[TSS]
CSE 3107,Communication Engineering,5th,B,3.0,,3.0,[TSS]
CSE 3107,Communication Engineering,5th,C,3.0,,3.0,[AF]
CSE 3107,Communication Engineering,5th,D,3.0,,3.0,[FA]
CSE 3107,Communication Engineering,5th,E,3.0,,3.0,[TSS]
CSE 3107,Communication Engineering,5th,F,3.0,,3.0,[AHP]
CSE 3107,Communication Engineering,5th,G,3.0,,3.0,[AHP]
CSE 3101,Computer Graphics,5th,A,3.0,,3.0,[SMH]
CSE 3101,Computer Graphics,5th,B,3.0,,3.0,[AAL]
CSE 3101,Computer Graphics,5th,C,3.0,,3.0,[AAL]
CSE 3101,Computer Graphics,5th,D,3.0,,3.0,[SH]
CSE 3101,Computer Graphics,5th,E,3.0,,3.0,[SH]
CSE 3101,Computer Graphics,5th,F,3.0,,3.0,[SH]
CSE 3101,Computer Graphics,5th,G,3.0,,3.0,[AAL]
CSE 3102,Computer Graphics Lab,5th,A,,1.5,3.0,[AAL] [SMH]
CSE 3102,Computer Graphics Lab,5th,B,,1.5,3.0,[JF] [AAL]
CSE 3102,Computer Graphics Lab,5th,C,,1.5,3.0,[JF] [AAL]
CSE 3102,Computer Graphics Lab,5th,D,,1.5,3.0,[AAL] [SH]
CSE 3102,Computer Graphics Lab,5th,E,,1.5,3.0,[AAL] [SH]
CSE 3102,Computer Graphics Lab,5th,F,,1.5,3.0,[HT] [SH]
CSE 3102,Computer Graphics Lab,5th,G,,1.5,3.0,[JF] [AAL]
MAT  3141,Applied Statistics and Probability,5th,A,3.0,,3.0,[SMM]
MAT  3141,Applied Statistics and Probability,5th,B,3.0,,3.0,[AH]
MAT  3141,Applied Statistics and Probability,5th,C,3.0,,3.0,[AH]
MAT  3141,Applied Statistics and Probability,5th,D,3.0,,3.0,[AH]
MAT  3141,Applied Statistics and Probability,5th,E,3.0,,3.0,[AH]
MAT  3141,Applied Statistics and Probability,5th,F,3.0,,3.0,[SMM]
MAT  3141,Applied Statistics and Probability,5th,G,3.0,,3.0,[AH]
CSE 3201,Theory of Computation and Compiler Design,6th,A,3.0,,3.0,[IJR]
CSE 3201,Theory of Computation and Compiler Design,6th,B,3.0,,3.0,[IJR]
CSE 3201,Theory of Computation and Compiler Design,6th,C,3.0,,3.0,[IJR]
CSE 3201,Theory of Computation and Compiler Design,6th,D,3.0,,3.0,[IJR]
CSE 3203,Operating System and System Programming,6th,A,3.0,,3.0,[MFI]
CSE 3203,Operating System and System Programming,6th,B,3.0,,3.0,[MFI]
CSE 3203,Operating System and System Programming,6th,C,3.0,,3.0,[MFI]
CSE 3203,Operating System and System Programming,6th,D,3.0,,3.0,[MFI]
CSE 3204,Operating System and System Programming Lab,6th,A,,1.5,3.0,[MFI] [SKR]
CSE 3204,Operating System and System Programming Lab,6th,B,,1.5,3.0,[MFI] [SKR]
CSE 3204,Operating System and System Programming Lab,6th,C,,1.5,3.0,[MFI] [SKR]
CSE 3204,Operating System and System Programming Lab,6th,D,,1.5,3.0,[MFI] [SKR]
CSE 3205,Microprocessor and Assembly Language,6th,A,3.0,,3.0,[MAS]
CSE 3205,Microprocessor and Assembly Language,6th,B,3.0,,3.0,[MAS]
CSE 3205,Microprocessor and Assembly Language,6th,C,3.0,,3.0,[MAS]
CSE 3205,Microprocessor and Assembly Language,6th,D,3.0,,3.0,[MAS]
CSE 3206,Microprocessor and Assembly Language Lab,6th,A,,1.5,3.0,[MAS] [TSS]
CSE 3206,Microprocessor and Assembly Language Lab,6th,B,,1.5,3.0,[MAS] [TSS]
CSE 3206,Microprocessor and Assembly Language Lab,6th,C,,1.5,3.0,[MAS] [TSS]
CSE 3206,Microprocessor and Assembly Language Lab,6th,D,,1.5,3.0,[MAS] [TSS]
ECO 3271,Engineering Economics,6th,A,,,,
ECO 3271,Engineering Economics,6th,B,,,,
ECO 3271,Engineering Economics,6th,C,,,,
ECO 3271,Engineering Economics,6th,D,,,,
CSE 3207,Digital Signal Processing,6th,A,3.0,,3.0,[SHR]
CSE 3207,Digital Signal Processing,6th,B,3.0,,3.0,[SHR]
CSE 3207,Digital Signal Processing,6th,C,3.0,,3.0,[SHR]
CSE 3207,Digital Signal Processing,6th,D,3.0,,3.0,[SHR]
CSE 3208,Digital Signal Processing Lab,6th,A,,1.5,3.0,[JF] [SHR]
CSE 3208,Digital Signal Processing Lab,6th,B,,1.5,3.0,[JF] [SHR]
CSE 3208,Digital Signal Processing Lab,6th,C,,1.5,3.0,[SHR] [AKI]
CSE 3208,Digital Signal Processing Lab,6th,D,,1.5,3.0,[SHR] [AKI]
CSE 3209,E-commerce and Web Programming,6th,A,2.0,,2.0,[MTI]
CSE 3209,E-commerce and Web Programming,6th,B,2.0,,2.0,[MTI]
CSE 3209,E-commerce and Web Programming,6th,C,2.0,,2.0,[MTI]
CSE 3209,E-commerce and Web Programming,6th,D,2.0,,2.0,[BCH]
CSE 3210,E-commerce and Web Programming Project Lab,6th,A,,2.25,4.5,[MTI] [JC]
CSE 3210,E-commerce and Web Programming Project Lab,6th,B,,2.25,4.5,[MTI] [JC]
CSE 3210,E-commerce and Web Programming Project Lab,6th,C,,2.25,4.5,[MTI] [BCH]
CSE 3210,E-commerce and Web Programming Project Lab,6th,D,,2.25,4.5,[MTI] [BCH]
CSE 4101,Artificial Intelligence,7th,A,3.0,,3.0,[MMR]
CSE 4101,Artificial Intelligence,7th,B,3.0,,3.0,[MMR]
CSE 4101,Artificial Intelligence,7th,C,3.0,,3.0,[FIL]
CSE 4101,Artificial Intelligence,7th,D,3.0,,3.0,[FIL]
CSE 4101,Artificial Intelligence,7th,E,3.0,,3.0,[FIL]
CSE 4101,Artificial Intelligence,7th,F,3.0,,3.0,[MMR]
CSE 4102,Artificial Intelligence Lab,7th,A,,1.5,3.0,[MMR] [DMA]
CSE 4102,Artificial Intelligence Lab,7th,B,,1.5,3.0,[MMR] [DMA]
CSE 4102,Artificial Intelligence Lab,7th,C,,1.5,3.0,[AAA] [FIL]
CSE 4102,Artificial Intelligence Lab,7th,D,,1.5,3.0,[AAA] [FIL]
CSE 4102,Artificial Intelligence Lab,7th,E,,1.5,3.0,[AAA] [FIL]
CSE 4102,Artificial Intelligence Lab,7th,F,,1.5,3.0,[MMR] [DMA]
CSE 4103,Digital Image Processing,7th,A,3.0,,3.0,[ZRBM]
CSE 4103,Digital Image Processing,7th,B,3.0,,3.0,[MTK]
CSE 4103,Digital Image Processing,7th,C,3.0,,3.0,[ZRBM]
CSE 4103,Digital Image Processing,7th,D,3.0,,3.0,[MTK]
CSE 4103,Digital Image Processing,7th,E,3.0,,3.0,[MTK]
CSE 4103,Digital Image Processing,7th,F,3.0,,3.0,[ZRBM]
CSE 4104,Digital Image Processing Lab,7th,A,,1.5,3.0,[ITR] [ZRBM]]
CSE 4104,Digital Image Processing Lab,7th,B,,1.5,3.0,[MTK] [HT]
CSE 4104,Digital Image Processing Lab,7th,C,,1.5,3.0,[ITR] [ZRBM]
CSE 4104,Digital Image Processing Lab,7th,D,,1.5,3.0,[MTK] [HT]
CSE 4104,Digital Image Processing Lab,7th,E,,1.5,3.0,[MTK][JC] 
CSE 4104,Digital Image Processing Lab,7th,F,,1.5,3.0,[MTK] [ZRBM]
CSE 4105,Engineering Ethics and Environmental Protection,7th,A,2.0,,2.0,[STAM]
CSE 4105,Engineering Ethics and Environmental Protection,7th,B,2.0,,2.0,[STAM]
CSE 4105,Engineering Ethics and Environmental Protection,7th,C,2.0,,2.0,[STAM]
CSE 4105,Engineering Ethics and Environmental Protection,7th,D,2.0,,2.0,[MRA]
CSE 4105,Engineering Ethics and Environmental Protection,7th,E,2.0,,2.0,[MRA]
CSE 4105,Engineering Ethics and Environmental Protection,7th,F,2.0,,2.0,[MRA]
ACC 4171,Industrial Management and Accountancy,7th,A,,,,
ACC 4171,Industrial Management and Accountancy,7th,B,,,,
ACC 4171,Industrial Management and Accountancy,7th,C,,,,
ACC 4171,Industrial Management and Accountancy,7th,D,,,,
ACC 4171,Industrial Management and Accountancy,7th,E,,,,
ACC 4171,Industrial Management and Accountancy,7th,F,,,,
CSE 4120,Industrial Attachment,7th,A,,,,
CSE 4120,Industrial Attachment,7th,B,,,,
CSE 4120,Industrial Attachment,7th,C,,,,
CSE 4120,Industrial Attachment,7th,D,,,,
CSE 4120,Industrial Attachment,7th,E,,,,
CSE 4120,Industrial Attachment,7th,F,,,,
CSE 4122,Technical Report Writing,7th,A,,1.0,1.0,[SKR] [STAM]
CSE 4122,Technical Report Writing,7th,B,,1.0,1.0,[TSS] [STAM]
CSE 4122,Technical Report Writing,7th,C,,1.0,1.0,[TSS] [SH]
CSE 4122,Technical Report Writing,7th,D,,1.0,1.0,[BCH] [STAM]
CSE 4122,Technical Report Writing,7th,E,,1.0,1.0,[MRA] [SH]
CSE 4122,Technical Report Writing,7th,F,,1.0,1.0,[MRA] [SH]
CSE 4107,"Microcontroller, Computer Peripherals and Interfacing",7th,A,3.0,,3.0,[JI]
CSE 4107,"Microcontroller, Computer Peripherals and Interfacing",7th,B,3.0,,3.0,[AMS]
CSE 4107,"Microcontroller, Computer Peripherals and Interfacing",7th,C,3.0,,3.0,[AMS]
CSE 4107,"Microcontroller, Computer Peripherals and Interfacing",7th,D,3.0,,3.0,[AMS]
CSE 4107,"Microcontroller, Computer Peripherals and Interfacing",7th,E,3.0,,3.0,[AMS]
CSE 4107,"Microcontroller, Computer Peripherals and Interfacing",7th,F,3.0,,3.0,[SMH]
CSE 4108,"Microcontroller, Computer Peripherals and Interfacing Lab",7th,A,,1.5,3.0,[ZM] [MRA]
CSE 4108,"Microcontroller, Computer Peripherals and Interfacing Lab",7th,B,,1.5,3.0,[AMS] [SMH]
CSE 4108,"Microcontroller, Computer Peripherals and Interfacing Lab",7th,C,,1.5,3.0,[ZM] [AMS]
CSE 4108,"Microcontroller, Computer Peripherals and Interfacing Lab",7th,D,,1.5,3.0,[AMS] [SMH]
CSE 4108,"Microcontroller, Computer Peripherals and Interfacing Lab",7th,E,,1.5,3.0,[AMS] [SMH]
CSE 4108,"Microcontroller, Computer Peripherals and Interfacing Lab",7th,F,,1.5,3.0,[ZM] [SMH]
CSE 4207,Big Data Analysis,8th,A,3.0,,3.0,[AW]
CSE 4207,Big Data Analysis,8th,B,3.0,,3.0,[AW]
CSE 4208,Big Data Analysis Lab,8th,A,,1.5,3.0,[AW] [MKS]
CSE 4208,Big Data Analysis Lab,8th,B,,1.5,3.0,[AW] [MKS]
CSE 4203,Cryptography and network Security,8th,A,3.0,,3.0,[SRR]
CSE 4203,Cryptography and network Security,8th,B,3.0,,3.0,[SRR]
CSE 4204,Cryptography and network Security lab,8th,A,,1.5,3.0,[SRR] [AW]
CSE 4204,Cryptography and network Security lab,8th,B,,1.5,3.0,[SRR] [STAM]
CSE 4201,Parallel Processing and Distributed Systems,8th,A,3.0,,3.0,[SAS]
CSE 4201,Parallel Processing and Distributed Systems,8th,B,3.0,,3.0,[SAS]
CSE 4202,Parallel Processing and Distributed Systems Lab,8th,A,,1.5,3.0,[JC] [SAS]
CSE 4202,Parallel Processing and Distributed Systems Lab,8th,B,,1.5,3.0,[JC] [SAS]
CSE 4211,Machine Learning,8th,A,3.0,,3.0,[MH]
CSE 4211,Machine Learning,8th,B,3.0,,3.0,[MH]
CSE 4212,Machine Learning Lab,8th,A,,1.5,3.0,[MH] [MMR]
CSE 4212,Machine Learning Lab,8th,B,,1.5,3.0,[MH] [AAA]
BBA,Computer Fundamentals,2nd,A,3.0,,3.0,[MKS]
BBA,Computer Fundamentals,2nd,B,3.0,,3.0,[MKS]
BBA,Computer Fundamentals,2nd,C,3.0,,3.0,[MKS]
English,Computer Fundamentals,2nd,A,3.0,,3.0,[MMR]
English,Computer Fundamentals,2nd,B,3.0,,3.0,[DMA]
English,Computer Fundamentals,2nd,C,3.0,,3.0,[DMA]
Law,Computer Fundamentals,1st,A,3.0,,3.0,[JC]
Law,Computer Fundamentals,1st,B,3.0,,3.0,[JC]
Pharmacy,Computer Fundamentals,2nd,A,2.0,,2.0,[SKR]
Pol Sci.,Computer Fundamentals,3rd,A,3.0,,3.0,[JC]
Pol Sci.,Computer Fundamentals,3rd,B,3.0,,3.0,[SKR]
Pol Sci.,Computer Fundamentals,3rd,C,3.0,,3.0,[SKR]
Sociology,Computer Fundamentals,4th,A,3.0,,3.0,[SAS]
Economics,Computer Fundamentals,4th,A,3.0,,3.0,[SRR]
NFE,Computer Fundamentals,2nd,A,3.0,,3.0,[NN]
NFE,Computer Fundamentals,2nd,B,3.0,,3.0,[NN]
